{
  "training_samples": 1600,
  "test_samples": 400,
  "evaluation_metrics": {
    "accuracy": 0.635,
    "precision": 0.6482412060301508,
    "recall": 0.6292682926829268,
    "f1_score": 0.6386138613861386,
    "roc_auc": 0.6857535959974983,
    "brier_score": 0.23694208916366488,
    "log_loss": 0.685001246831068,
    "sample_size": 400,
    "mean_edge": 0.2438042642929509,
    "median_edge": 0.0665688014378652,
    "positive_edge_pct": 0.67,
    "large_edge_pct": 0.55
  },
  "backtest_results": {
    "initial_capital": 10000.0,
    "final_capital": 10000.0,
    "total_return": 0.0,
    "total_return_pct": 0.0,
    "num_trades": 0,
    "win_rate": 0.0,
    "sharpe_ratio": 0,
    "max_drawdown": 0.0,
    "trades": []
  },
  "feature_importance": {
    "volume": 0.03958099942041279,
    "liquidity": 0.08258063509134952,
    "liquidity_ratio": 0.04297020721228786,
    "days_to_expiry": 0.0825448003197369,
    "log_volume": 0.03976842035899759,
    "price_initial": 0.07738786221118912,
    "price_final": 0.08285389244808858,
    "price_momentum": 0.09195422930328417,
    "volume_trend": 0.10343397700799514,
    "market_prob": 0.09528474716818086,
    "has_popular_team": 0.005928332696518817,
    "is_championship": 0.005018406038661213,
    "is_player_prop": 0.004245893923540432,
    "question_length": 0.0502969110279855,
    "high_volume": 0.00023374854612608753,
    "high_liquidity": 0.0007238267467686084,
    "price_volatility": 0.045259614830251683,
    "price_distance_from_fair": 0.061494949630469954,
    "price_extremity": 0.00025772064504052926,
    "urgency_high": 0.0007985053277023737,
    "urgency_medium": 0.0017838685682340723,
    "is_nfl": 0.008441117123609307,
    "is_nba": 0.009586047561010969,
    "is_mlb": 0.007390486311551812,
    "is_soccer": 0.005231180661589693,
    "question_word_count": 0.009511782035775957,
    "has_numbers": 0.0020860335933041542,
    "liquidity_to_volume": 0.04335180419033637
  },
  "model_path": "data/models/xgboost_sports_probability_model.pkl",
  "timestamp": "2026-01-11T16:50:24.939423"
}