{
  "total_samples": 2000,
  "missing_values": "0",
  "duplicate_markets": "0",
  "outcome_distribution": {
    "0": 1007,
    "1": 993
  },
  "outcome_balance": 0.4965,
  "volume_stats": {
    "mean": 50757.16103346658,
    "median": 36982.161664470914,
    "min": 1009.2606223104531,
    "max": 457978.5829345024
  },
  "category_distribution": {
    "sports": 2000
  },
  "quality_issues": [],
  "quality_score": "good"
}